# {'t_start': '2024-05-04_19-03-11', 'model': '3D'} 
return,length,time
9.387482,23,16.648329
7.380485,18,25.922503
6.882167,16,34.245894
3.775948,10,39.406727
6.342517,15,47.864514
5.209326,12,54.617493
6.651743,16,62.748714
15.426017,34,81.596547
18.384992,40,103.813918
19.790939,47,131.566069
9.948566,24,145.282266
9.219793,21,157.158881
11.577572,28,174.722146
9.000224,22,187.355737
12.680041,30,204.892694
8.715189,21,218.947788
5.826718,15,227.282431
5.587883,14,237.27317
8.740121,22,249.311731
18.048278,44,273.092136
6.041735,15,281.646313
9.651688,24,295.527677
8.105357,19,306.017394
7.506144,19,318.414438
6.944814,17,328.485176
9.722695,24,342.521184
5.494191,14,350.723152
12.6681,32,369.726064
9.109156,22,384.187386
6.908484,17,394.812219
10.413057,26,410.606293
3.506147,9,415.750687
5.793636,15,424.614541
9.98541,25,438.801021
8.547374,21,450.733459
13.036277,33,470.015431
4.380275,12,476.828032
9.682034,24,490.513822
9.001186,22,503.565229
9.649622,23,517.149302
3.648404,10,523.737813
5.844232,14,532.252056
9.13346,24,545.812212
11.712405,29,562.985495
7.243522,18,573.510486
16.445605,40,596.3943
10.347816,25,610.252816
7.959787,20,622.696164
8.538167,23,636.969841
12.735669,31,654.265281
14.178696,34,674.102366
3.349495,9,679.17226
14.594893,38,702.233553
8.367659,20,713.171289
10.352891,26,728.093149
8.58881,21,739.83878
7.723108,21,752.301408
11.764713,29,770.618745
6.025761,15,778.570959
10.349717,26,794.205444
13.003638,30,812.024424
5.641156,15,819.913679
10.154986,25,834.353981
5.225568,14,842.183739
9.971745,25,856.674793
11.25208,28,873.841541
12.544801,31,892.071371
4.588225,13,899.222039
5.481278,13,906.894618
15.830405,40,930.503865
5.942661,15,938.999682
5.035314,15,947.689668
7.390156,18,958.372493
12.965341,30,975.487813
12.909566,37,998.447803
5.290936,14,1007.067984
5.219148,15,1015.995944
3.31814,8,1020.654229
4.799977,12,1027.799324
11.52284,29,1043.785001
5.419801,14,1051.933728
5.899847,15,1061.055167
5.281752,14,1068.649829
9.482481,25,1082.944692
8.664423,23,1095.739442
7.496869,19,1107.008926
14.556284,39,1129.444638
8.934452,23,1143.337094
9.40617,24,1158.296571
5.234807,13,1166.384206
7.785377,23,1181.09679
7.910492,20,1193.47656
10.739417,27,1210.766227
4.901523,13,1218.782025
8.195601,21,1232.018981
6.540219,17,1242.125514
16.112558,41,1270.662365
10.997028,27,1290.811116
11.969039,30,1310.063047
8.064894,20,1322.53464
13.827813,31,1341.396818
7.953806,19,1353.363035
7.798719,18,1364.780625
9.816202,25,1379.244292
4.578041,12,1387.254681
14.125554,36,1408.804885
5.565076,13,1417.063982
2.738784,9,1422.700538
20.485785,54,1456.132217
13.021999,35,1478.745316
15.553142,39,1503.433469
13.191235,33,1524.796697
6.391106,16,1534.983006
6.240345,14,1544.354926
13.587143,34,1566.147721
8.910927,22,1579.588332
8.485026,22,1592.91793
4.601835,12,1599.897866
8.836428,22,1614.323106
10.88208,28,1631.315577
4.909192,11,1637.844474
11.067368,29,1654.711669
3.084333,8,1659.038824
11.670408,30,1677.452024
15.331944,41,1702.533226
6.346071,14,1710.081718
9.699238,23,1722.973393
8.713974,22,1736.308634
4.007849,11,1743.485271
6.711081,16,1754.004441
4.887969,12,1761.633498
4.269017,11,1768.202131
8.65711,22,1781.0819
7.506479,20,1792.5971
5.705533,14,1800.002549
5.340767,13,1807.419004
10.212841,26,1822.876623
3.944954,10,1829.37622
15.709817,40,1853.940103
5.657048,14,1861.68402
8.155863,20,1873.127109
7.558938,20,1884.854184
10.656169,27,1901.777979
5.952575,13,1908.837854
4.976329,14,1916.774313
13.581651,34,1937.323985
5.379199,12,1944.181693
12.169149,28,1960.694573
5.985575,15,1969.7737
9.464053,21,1983.26938
10.716472,25,1997.816203
4.735574,12,2004.503062
9.024212,23,2019.747414
8.369373,21,2033.170011
8.799702,23,2046.927471
16.935379,40,2072.468918
12.592038,31,2090.525995
14.666501,40,2114.97323
10.548921,28,2132.274466
7.880983,20,2144.858391
4.218321,12,2152.322008
10.83508,29,2170.224486
5.009603,14,2179.01892
5.557989,14,2187.281833
5.862353,15,2196.407964
8.757356,23,2210.153754
10.335819,25,2226.508668
6.758635,17,2237.889728
5.590513,15,2247.786674
10.815147,27,2266.135603
8.854118,22,2279.669371
3.411606,9,2284.751956
9.36284,24,2299.516108
5.228965,13,2306.808928
9.131033,22,2319.506565
9.910439,26,2335.30087
13.100083,33,2356.440985
3.867619,10,2362.883186
9.111096,25,2379.0296
10.826216,30,2398.37538
7.906046,21,2411.969864
3.653191,10,2417.552713
8.424594,18,2428.584504
8.549945,24,2442.78385
11.18904,30,2461.91805
5.467161,15,2471.810663
9.181556,22,2484.427598
18.812237,45,2512.458194
5.627254,14,2520.996908
4.543945,12,2528.325514
7.989343,23,2542.234269
12.091396,29,2560.426115
15.201448,38,2584.087914
12.375683,31,2602.076962
11.157493,26,2617.271042
4.909926,13,2624.805393
9.862407,26,2640.305301
3.200757,9,2645.765042
8.073467,20,2657.469628
12.339636,31,2676.487832
3.739844,10,2683.688179
9.065185,23,2697.171183
13.816217,31,2716.796638
7.298691,17,2726.858099
11.475722,29,2743.501051
9.713263,23,2757.98183
6.208557,15,2767.449804
6.685671,17,2778.058906
13.193492,29,2795.623117
4.422126,12,2802.924664
12.389906,31,2821.69311
11.213206,26,2837.667567
12.43197,31,2856.049699
4.81388,13,2863.725995
6.992397,19,2875.296037
4.564093,13,2882.807941
4.006802,11,2889.029306
11.980752,30,2907.746517
4.754221,11,2914.237938
5.144261,15,2924.56007
10.471619,25,2940.428545
9.644336,25,2956.013007
9.176539,23,2970.513355
8.402932,20,2983.1456
11.449093,29,3000.706809
10.983969,24,3015.309664
12.405943,31,3033.867372
4.647982,13,3042.390323
8.278495,20,3055.337174
9.486211,24,3070.060887
5.154398,13,3077.59585
7.749432,20,3089.478751
8.515597,22,3103.262791
7.343299,20,3114.668078
4.281366,11,3121.498866
4.622774,13,3128.589723
3.531502,10,3134.55045
5.298584,15,3143.830108
4.407876,11,3150.905497
7.255727,18,3161.944395
4.770398,12,3169.351748
5.243683,11,3175.286044
10.538477,26,3190.629562
10.136686,23,3203.05834
12.611928,33,3223.253419
12.89506,32,3243.693661
5.763952,15,3252.015005
4.877448,13,3259.521931
7.673982,17,3268.828337
5.914414,15,3278.391443
5.972376,17,3288.73087
14.455034,40,3313.195348
13.878238,35,3333.399398
4.902929,12,3341.036907
8.442467,19,3352.567863
12.048775,30,3369.851706
5.829867,16,3379.436501
13.076335,33,3399.140415
5.093312,12,3405.895875
3.971613,11,3412.201725
9.125613,23,3425.01657
5.283276,14,3432.899078
8.564069,24,3447.513792
8.843094,21,3460.012876
3.434135,10,3466.703895
9.113404,27,3483.247883
9.360163,25,3497.790689
12.705294,31,3516.213135
6.917515,20,3527.949063
7.096782,18,3539.362744
13.306534,33,3559.625492
4.538172,12,3566.845904
6.667916,20,3578.16112
7.702299,17,3588.593578
6.925447,20,3601.054414
5.877863,13,3609.318935
5.44821,12,3616.188963
5.616459,18,3627.75897
6.164321,17,3638.807508
12.030627,28,3656.722446
10.142563,31,3676.03124
5.646593,15,3685.239933
3.253766,9,3691.04637
12.86707,29,3709.338373
6.452835,18,3722.294483
4.892978,14,3731.888998
8.214458,22,3746.351984
5.094751,13,3753.804593
2.774195,8,3758.66116
5.750036,17,3769.394983
4.220354,11,3776.241634
5.40233,15,3785.587505
3.757624,12,3793.404592
6.440991,21,3806.548446
6.086584,16,3816.324129
6.43741,19,3828.62426
10.418932,25,3843.743912
13.633247,36,3865.875127
11.284688,28,3882.596859
3.667168,10,3889.331289
7.904412,20,3902.362926
4.345312,13,3910.984867
11.327401,33,3931.79096
7.977985,20,3944.556942
9.910364,27,3961.665405
5.759286,17,3972.550427
22.978988,57,4008.685697
5.497188,14,4017.43222
5.402739,14,4025.846718
14.555176,37,4049.581819
23.923617,55,4085.118537
4.44139,15,4094.483287
17.883695,45,4123.197004
5.611709,16,4132.861281
4.597737,13,4141.261128
9.44028,20,4154.236914
5.99015,17,4165.337762
4.57744,12,4172.98748
4.832889,13,4180.983541
15.868691,41,4210.508542
6.785321,20,4222.127406
9.391673,20,4235.292554
5.993549,14,4244.121149
18.142191,50,4275.226301
13.265422,33,4294.249557
5.739508,16,4303.36861
5.983211,16,4313.529049
12.355654,32,4334.096216
6.137772,14,4342.086008
5.220472,13,4349.766842
12.270244,31,4369.400353
9.443435,24,4384.827822
13.764774,33,4405.765377
5.017239,13,4412.513237
6.27183,16,4423.414032
9.356009,24,4438.407408
10.482522,26,4454.442935
2.893766,10,4460.373703
7.975874,21,4473.135927
7.640694,21,4485.995924
3.538153,10,4491.197837
8.422556,22,4506.072513
11.869738,34,4527.109107
10.379793,25,4540.918632
6.624024,16,4550.4639
5.733586,14,4559.407091
13.593085,32,4578.630121
9.217673,23,4593.347277
5.76412,14,4602.023212
9.498096,24,4616.712956
12.722658,34,4637.294569
9.194704,23,4651.72042
11.131213,28,4669.56785
14.092012,37,4693.244408
10.788522,28,4710.309862
7.318974,19,4721.981471
10.673555,27,4737.970571
7.879457,20,4749.666601
15.915847,47,4778.867946
13.134394,35,4800.958651
9.123777,22,4814.55649
12.449048,29,4832.498738
15.18505,40,4857.704052
7.21244,20,4869.342294
12.535896,40,4893.868061
5.053958,16,4904.708006
9.303956,25,4919.835828
10.429226,26,4935.572965
9.418905,21,4948.458155
5.726244,15,4957.473703
10.643036,27,4974.48209
5.407765,14,4982.745276
7.389654,21,4996.432572
9.446927,25,5012.17502
8.190913,21,5025.442255
16.232584,40,5048.674974
9.086509,21,5061.178312
8.82597,22,5074.68706
8.063505,20,5087.499568
11.898648,26,5104.636041
8.052001,21,5117.135619
3.713508,12,5124.14569
23.058903,56,5158.68148
7.627287,20,5170.803467
14.939298,37,5193.029221
4.621577,12,5199.915621
6.850319,19,5211.645154
8.618151,21,5224.58806
6.976965,20,5236.279389
10.361916,27,5254.468656
4.344358,12,5262.09472
6.921112,19,5272.506332
9.726716,25,5344.059232
8.08773,21,5356.691666
7.716152,20,5368.653672
8.737071,21,5381.545427
4.726293,12,5388.536236
5.898339,15,5398.087285
13.603549,37,5422.106921
12.585453,32,5442.851421
6.846883,17,5452.931743
7.324049,22,5466.464318
4.609995,13,5475.078742
14.781721,38,5498.030879
28.359775,70,5542.031805
5.705386,14,5550.420601
6.846488,18,5562.506993
11.329438,27,5578.655679
5.100042,15,5587.523382
7.657293,22,5601.840723
11.962353,30,5619.433623
11.0874,26,5634.748027
10.335816,27,5651.233015
8.643864,19,5663.321631
7.164629,20,5674.728555
10.471565,29,5692.673583
4.801912,13,5700.48432
13.929485,36,5720.956705
3.968007,11,5727.553764
7.088363,18,5737.128566
3.373273,11,5743.528124
6.187368,19,5754.837808
4.760969,13,5764.165547
9.77873,27,5780.989086
8.98257,23,5794.387959
10.016246,24,5810.00245
8.450031,23,5824.19603
5.29919,15,5833.334688
11.840061,31,5852.191708
8.839395,23,5867.087459
5.34089,15,5876.66348
10.798058,25,5896.908875
6.045786,15,5905.570448
7.905308,21,5918.147063
10.575006,24,5932.75617
4.41607,15,5942.028769
5.87536,15,5951.332467
9.608195,24,5967.319874
8.215106,21,5981.003768
6.532376,16,5990.162967
7.35571,16,5999.603914
6.584054,18,6010.435341
13.671669,36,6031.335714
4.339888,11,6038.717557
6.722793,19,6050.374618
8.490128,22,6063.600828
13.354341,36,6087.189951
10.735795,24,6101.621259
6.963565,18,6112.490212
4.918438,14,6120.918369
3.336167,11,6127.846419
7.307767,17,6137.970119
13.847154,39,6162.966405
8.795895,24,6177.781796
8.748559,21,6190.686292
9.845866,28,6211.441995
6.035065,15,6222.956033
13.189942,32,6242.173269
7.419484,20,6254.204247
16.462059,41,6280.783113
12.16254,30,6299.698054
6.233065,16,6309.272536
8.525851,21,6322.318332
11.499557,33,6343.392987
3.741043,11,6349.516846
7.393667,19,6360.807922
6.457014,17,6370.895588
8.36144,20,6383.37617
6.795797,20,6394.936169
14.342511,40,6419.504306
4.830151,13,6427.293564
7.921696,26,6442.903227
12.655416,31,6460.701211
12.869175,32,6479.749552
12.693786,34,6502.184968
12.454458,32,6521.072922
4.846364,13,6529.698193
10.756418,27,6545.57063
7.901906,19,6561.426424
9.479302,22,6574.130921
13.298818,34,6593.937572
8.921469,25,6608.257808
8.590673,29,6625.8176
9.35175,25,6641.755708
8.618954,24,6656.84393
11.494132,27,6673.903984
14.731777,42,6698.306226
10.735589,27,6714.977113
6.662568,20,6727.439014
14.639964,36,6747.544656
6.676156,16,6756.765824
3.961835,11,6763.376806
8.508248,20,6774.918101
8.826112,23,6788.939496
8.563521,25,6804.962294
3.744343,12,6812.05547
4.176069,13,6820.466079
14.87707,42,6846.794587
5.116463,14,6854.416429
5.807113,15,6862.965155
8.357877,21,6875.002017
5.860222,15,6884.775905
12.460402,37,6907.481689
10.757669,27,6923.19245
11.238576,32,6943.784839
5.338648,14,6951.330858
5.282733,14,6959.817137
5.71852,14,6968.016302
8.457412,24,6982.959213
11.614139,32,7002.460199
9.258945,22,7016.130621
10.314052,26,7031.605892
6.196248,15,7040.69487
14.748877,37,7063.17111
4.266723,11,7069.573862
14.136153,36,7091.413203
7.743491,20,7104.712935
8.357069,21,7118.136257
10.104995,27,7134.746707
14.27792,35,7155.301713
14.545058,39,7180.582731
9.803565,24,7194.756855
7.068448,18,7206.254787
10.570541,29,7223.740714
13.076845,34,7244.303951
9.267261,22,7258.860023
6.066567,17,7269.676432
4.971867,12,7277.653716
8.945013,23,7292.653191
10.738888,29,7310.439943
9.851759,26,7327.226151
6.301963,16,7336.190194
13.915443,35,7357.832932
6.893698,18,7369.752088
6.442207,16,7379.35758
11.309221,32,7399.783079
14.292823,43,7426.063386
9.322855,24,7441.112161
12.117961,31,7460.536088
7.519466,19,7473.614746
8.210174,20,7486.401738
8.955159,20,7499.202206
8.617253,22,7512.596481
21.389649,58,7548.552356
9.499774,30,7565.951781
7.031912,20,7578.12163
3.994693,12,7584.906931
11.572134,29,7603.803132
6.456109,17,7613.699583
5.453846,15,7623.502897
12.57829,32,7643.46422
8.955432,22,7657.613685
7.062461,18,7669.096065
6.793664,18,7681.351196
7.735519,18,7692.557551
8.35557,20,7704.913749
6.57058,18,7716.411363
5.327006,14,7725.077725
12.336822,32,7745.339847
13.990346,43,7772.681098
3.949641,12,7779.807834
14.423776,37,7803.656658
10.715075,27,7820.997341
4.693315,13,7828.784108
9.591672,22,7842.744469
7.710664,19,7853.53001
11.651989,30,7871.611811
9.994406,26,7888.106869
6.258447,14,7896.465471
5.960413,17,7906.27731
13.408467,32,7925.896568
12.183891,34,7946.666236
6.424026,16,7958.355611
5.934713,15,7967.339468
15.028658,40,7990.306103
4.724773,12,7997.92231
5.306233,15,8006.750883
11.968177,26,8022.055598
3.817266,10,8028.287116
7.045544,19,8039.687347
10.71311,27,8057.229837
10.780645,27,8074.213397
8.448783,21,8105.684538
6.239488,15,8114.814479
10.538652,26,8129.763111
11.782031,31,8149.336837
11.532794,34,8172.251329
8.830633,23,8186.109543
16.984945,49,8216.421063
17.414672,42,8243.684944
9.877935,25,8260.823207
9.53498,28,8279.166643
8.489398,20,8291.196297
5.718324,13,8299.323448
4.385286,12,8306.923747
9.325079,24,8322.022946
4.146884,12,8329.857324
14.034731,37,8354.277424
7.315183,19,8365.299492
5.421719,15,8379.029981
15.130429,37,8403.991183
11.969203,28,8421.285853
10.665077,24,8435.661017
6.341675,17,8446.917641
3.173105,9,8452.344781
17.355102,44,8479.578054
14.660175,43,8507.580309
13.274285,32,8528.383322
7.476309,20,8541.667303
10.622147,28,8558.729332
6.885212,20,8570.777007
4.031804,11,8577.221508
9.087318,21,8589.994375
3.703172,10,8596.343452
16.275222,41,8621.794715
8.94781,24,8637.568909
6.712589,19,8649.162167
6.779134,19,8661.954898
7.661322,20,8674.121197
5.262631,15,8683.097552
12.077345,33,8703.86475
10.531684,26,8720.310302
5.998962,16,8730.842641
5.234805,16,8741.632411
9.266086,23,8756.892195
6.893839,18,8768.235357
5.514827,15,8776.699075
12.774781,33,8796.921098
8.277365,22,8810.106314
8.713734,23,8824.271463
17.978696,45,8851.751377
16.677954,43,8879.098969
11.985471,30,8899.816679
8.326674,20,8911.877156
7.862582,20,8924.566038
8.208962,23,8939.763714
15.235154,40,8964.844137
13.666168,37,8986.978502
9.409236,29,9004.918946
4.974396,14,9013.355127
3.872107,11,9020.32728
12.674753,29,9037.791175
8.661207,22,9053.544029
5.490264,15,9063.395982
7.751243,20,9080.571384
7.680586,23,9094.40903
11.525304,30,9111.930089
8.773738,26,9126.234921
9.233544,27,9142.632187
7.252323,18,9153.653888
9.469073,22,9167.733641
10.52671,29,9185.402604
13.326505,40,9211.854156
5.657512,16,9220.72743
7.591313,20,9233.187337
7.559414,20,9246.05264
8.861961,24,9261.185868
6.694729,18,9272.379101
3.323043,11,9279.354578
14.123179,36,9299.53587
6.283387,16,9309.415277
9.124659,23,9323.357079
5.692899,17,9333.077074
5.876485,17,9342.875864
5.935323,16,9352.725355
7.889848,22,9365.788759
7.282721,19,9377.148443
9.279246,27,9392.705537
7.38936,21,9405.203248
9.828735,25,9420.358535
8.358092,22,9434.201933
6.125316,16,9443.197381
10.959778,28,9461.048605
7.505651,18,9473.595636
6.8775,21,9487.166909
12.848846,33,9507.731325
18.241452,47,9536.710511
10.144852,32,9558.284006
11.055892,28,9575.653119
8.677482,22,9589.527281
8.742578,23,9604.022674
8.177785,23,9618.681754
7.960144,20,9631.236249
4.19927,12,9638.48895
10.107529,26,9654.635082
9.73321,23,9668.648244
8.47976,22,9682.209388
11.42109,28,9704.809612
4.249869,12,9712.155282
4.133453,12,9720.194161
8.019862,19,9732.019411
11.495139,32,9751.804166
10.182369,30,9770.70114
12.310156,31,9790.904786
10.458843,27,9807.277098
10.594183,27,9824.457406
13.511554,35,9851.884705
4.973764,13,9859.365964
10.476478,28,9877.142588
4.719925,13,9884.891902
10.359757,27,9901.610496
3.925751,11,9907.860764
8.303792,23,9927.136622
9.557832,24,9944.439647
6.301195,16,9954.793859
6.108924,16,9965.533276
7.529535,18,9976.539838
4.616413,14,9984.87256
24.358374,58,10023.382178
15.560895,43,10049.646117
13.235746,35,10071.384112
13.781599,34,10091.260616
10.321277,26,10106.269896
5.128983,14,10114.639514
5.121957,17,10124.756595
12.842366,35,10147.146308
15.996779,40,10173.920988
16.232191,38,10197.425545
14.897816,42,10224.753504
16.771399,41,10251.3916
5.836797,14,10259.364413
11.516163,30,10278.199485
4.674803,14,10290.866789
6.517415,17,10300.795758
17.335436,44,10329.372652
4.158566,12,10336.512361
6.077094,17,10347.979671
3.799435,11,10354.765761
8.707234,22,10367.083863
9.285831,26,10382.6954
3.492904,13,10390.701112
9.775596,29,10409.644251
7.118659,21,10425.700517
9.541801,22,10437.971401
5.708204,16,10447.909264
6.293475,15,10457.131253
6.744458,18,10474.065588
11.847117,31,10494.542255
5.695565,16,10503.91771
6.277858,17,10514.308324
11.252259,29,10532.126043
8.598281,21,10545.601841
5.313892,15,10554.195391
13.336511,33,10573.493961
9.977043,25,10589.264339
5.329031,17,10599.345827
12.108808,37,10621.764205
14.796335,41,10659.45941
6.51783,17,10669.109589
7.606475,20,10682.014891
8.111722,21,10694.709082
4.874143,16,10704.660411
14.991112,38,10728.207624
11.648214,27,10744.58637
12.234214,33,10766.02987
13.405588,35,10791.868993
6.883032,18,10803.147253
11.697367,30,10820.593493
7.578392,20,10832.766544
14.612857,38,10859.248588
7.321692,20,10871.552695
4.4852,12,10879.233927
6.287459,19,10890.492494
7.511441,22,10905.152123
5.876439,15,10914.622022
4.384448,12,10920.836324
9.615299,25,10935.635443
4.899623,14,10944.587048
14.449091,37,10970.17727
9.530084,24,10985.058366
9.140176,24,10999.217471
7.887875,20,11012.174974
9.490308,25,11026.850335
9.023195,23,11043.240088
13.152863,33,11063.749682
6.110726,19,11074.798753
11.841605,29,11093.916526
11.813602,30,11111.960873
8.903523,22,11125.719357
8.948972,22,11138.909617
12.025866,32,11159.620248
10.757595,27,11175.917276
12.628509,34,11195.958571
16.032442,44,11222.972331
8.748236,27,11245.979982
15.870847,43,11272.226261
11.009672,28,11290.075461
12.06405,26,11306.679347
10.890451,33,11325.390548
6.915865,18,11335.501762
8.818113,25,11351.230346
7.955069,20,11367.0375
9.524614,23,11380.947661
8.804266,24,11395.78646
15.903273,37,11422.082529
5.555672,15,11430.948697
8.264737,19,11442.528282
5.818402,15,11451.352555
8.981873,22,11464.400231
15.169772,39,11487.945566
9.818141,22,11501.084299
8.450438,22,11517.117762
15.869633,39,11539.824527
9.330645,25,11555.824338
10.259946,28,11572.727465
10.352877,26,11588.676065
8.326395,21,11601.015615
9.978749,26,11616.925261
5.599282,14,11625.579386
10.952425,33,11646.388858
15.460429,36,11668.295916
11.304736,29,11686.172163
5.128823,15,11695.197868
11.757719,31,11712.827255
8.824317,24,11727.63798
4.870986,13,11748.481452
5.432457,16,11758.395881
7.252792,18,11769.794194
15.952086,39,11793.190325
11.261212,27,11809.055603
8.877578,24,11823.496731
6.780619,20,11835.854333
7.598832,20,11849.529798
10.500099,31,11868.318749
7.914541,21,11880.78707
15.577172,39,11906.760682
3.770953,11,11913.330272
7.231026,20,11927.339292
4.927133,14,11936.401644
11.795128,29,11956.592852
7.591533,21,11969.391875
10.486532,27,11985.524509
11.227482,29,12003.831742
14.660343,35,12024.743143
5.103185,17,12056.3207
14.194156,46,12083.589331
9.9422,24,12098.621081
4.996059,13,12106.152001
11.841412,31,12125.088648
13.883255,35,12148.478622
6.999448,20,12160.22335
7.227012,22,12173.465697
8.002011,24,12189.30858
16.042461,40,12214.494405
4.401013,14,12223.22231
6.168003,16,12233.726258
11.283533,28,12254.88632
8.177776,23,12270.125786
9.067268,26,12286.603636
9.489162,27,12303.542558
7.112764,16,12313.586964
6.476396,18,12325.171921
21.029271,53,12357.666214
8.043866,20,12370.022863
5.209068,16,12379.984097
3.989848,13,12388.129636
12.127096,34,12409.288816
11.962857,30,12428.170025
8.961362,27,12444.842266
10.345175,31,12466.430296
5.746836,16,12475.624113
9.686569,25,12492.609922
10.957817,30,12513.708914
11.808352,32,12532.850001
7.055524,19,12544.279201
8.12977,21,12556.755744
9.071342,25,12572.458516
16.344614,46,12602.052494
4.822607,14,12610.292414
5.706551,18,12621.675359
8.947948,25,12637.884434
15.937373,44,12664.84165
6.619636,19,12676.090656
11.209586,29,12694.112689
12.511453,34,12714.850063
8.48435,26,12730.418429
7.969017,20,12743.774181
11.868845,30,12761.174006
11.001578,32,12780.735282
14.271698,41,12804.932007
11.707776,29,12827.614521
7.110376,18,12837.903105
14.880812,41,12863.532354
9.343581,22,12876.671224
9.332286,23,12891.539439
15.798591,44,12918.788981
8.119558,24,12934.318294
5.188482,14,12943.052588
9.909941,32,12961.406303
11.113215,29,12978.907376
8.503943,21,12990.777593
18.763736,54,13023.822495
10.12418,27,13040.191893
14.605077,37,13062.854599
8.382286,23,13076.306231
8.740788,23,13090.279123
12.704627,38,13112.809157
14.242468,36,13135.543681
4.412811,13,13143.927919
7.291613,18,13153.783846
10.097282,29,13171.912004
8.226482,22,13185.27667
10.769051,27,13202.485128
9.154226,24,13220.88931
5.101072,13,13228.115575
11.380073,27,13244.486949
14.449072,36,13266.648882
9.043916,22,13279.191192
9.799484,24,13294.980744
4.631751,12,13301.914427
9.153451,23,13316.240217
6.910464,19,13327.74944
9.536499,24,13342.317994
13.499214,32,13361.927052
8.283349,24,13379.552875
9.420676,24,13401.364357
11.966592,30,13420.732211
8.52117,25,13436.276293
12.811005,35,13458.019516
14.514786,43,13484.056551
7.476795,20,13496.736993
6.004626,18,13507.230653
7.58692,22,13520.455242
8.421217,21,13533.732197
8.332172,23,13547.675248
12.21998,31,13566.513081
8.581391,22,13579.896245
8.826581,24,13595.908419
12.940773,36,13617.664702
9.79322,26,13633.535299
4.982579,16,13643.390604
9.914494,25,13659.288953
9.819531,27,13674.757968
8.891483,24,13688.819355
5.951844,15,13698.261712
5.650701,18,13709.003542
15.328627,41,13733.376583
7.589281,22,13746.2689
7.783189,19,13757.618625
9.5769,26,13773.949071
5.062777,13,13782.295265
5.272695,14,13791.219371
5.834876,17,13802.107792
6.125663,19,13814.344707
11.854673,32,13834.654237
4.353283,13,13843.034136
6.71949,18,13854.016269
7.64933,21,13867.107043
10.003362,27,13883.217165
11.1728,28,13901.121816
13.983901,36,13923.147012
7.040737,20,13935.797188
5.500397,15,13944.962717
8.433235,24,13959.390525
8.96259,21,13972.725846
10.086947,26,13988.991777
12.105652,31,14008.286559
9.753906,25,14023.861105
7.171347,17,14034.262405
9.055633,22,14046.899662
6.444603,16,14057.846029
16.724042,50,14088.209642
9.866475,22,14101.344101
5.954775,14,14109.69286
10.736722,32,14128.781836
9.728459,27,14146.592194
11.454081,32,14166.310034
10.58934,30,14184.254641
15.815132,42,14209.869853
15.840034,39,14234.137327
9.3,24,14248.503368
10.011465,28,14265.00243
16.336078,36,14287.177501
8.932086,23,14300.296583
7.08651,20,14312.690944
8.636095,22,14325.559893
15.502483,36,14347.716657
15.583166,39,14369.585496
7.456229,22,14383.007237
10.734037,30,14400.766587
11.14146,29,14418.557056
9.529715,31,14437.203223
7.343645,27,14453.240166
9.551291,27,14469.650674
7.442274,17,14479.675399
17.142624,44,14506.479304
8.949588,21,14519.211045
8.946363,22,14533.42454
6.928048,18,14545.304545
6.964973,18,14559.333267
4.805548,12,14566.801467
4.625264,15,14575.644272
6.136862,15,14584.11837
9.709184,26,14599.644531
22.8869,60,14636.377744
13.324389,38,14658.918151
19.24772,47,14687.969038
8.835239,24,14702.861491
6.922802,19,14714.101527
3.53028,12,14721.283631
8.629555,23,14734.727416
7.495107,20,14746.252196
3.493671,11,14752.915304
7.606679,18,14764.207855
11.405663,31,14784.319397
7.208528,22,14797.660611
6.72847,21,14811.517564
11.327693,35,14833.874101
8.100587,24,14850.598882
8.502372,21,14863.881907
3.615004,12,14880.801964
16.688779,46,14908.764371
6.793957,18,14919.582123
11.339804,30,14943.122492
7.953125,22,14956.072815
11.892713,30,14974.080015
9.686982,26,14990.40225
6.92975,20,15003.902866
5.056248,14,15012.771124
11.242472,27,15029.225943
9.701671,26,15046.748762
9.699445,25,15062.211175
14.156408,39,15087.497679
8.146951,20,15100.460236
7.991661,21,15113.089456
9.591695,27,15130.467507
12.8222,35,15151.463625
3.60647,10,15157.802236
6.045166,15,15167.763752
11.486566,26,15183.384557
15.97248,40,15207.498678
6.476073,17,15218.252535
5.804909,16,15227.408227
7.697781,19,15239.63391
5.740607,15,15248.703042
5.087919,14,15257.274384
9.696154,29,15276.69168
9.566034,24,15290.954287
8.419752,24,15305.415299
6.113107,19,15316.528455
14.46538,35,15338.180377
15.151017,42,15363.457631
10.568933,32,15383.882182
9.88004,28,15400.744271
5.344059,14,15411.433484
3.662952,10,15418.129207
6.959031,18,15429.526796
5.253637,16,15438.921601
6.957823,19,15450.898192
15.730222,43,15477.213741
10.503819,27,15493.994366
17.074343,44,15520.459617
12.482282,32,15540.439633
9.007279,26,15556.209508
14.361973,46,15584.444883
15.508957,38,15608.001456
10.820798,29,15626.080481
16.901278,43,15653.420243
9.212597,25,15668.905684
8.202969,22,15689.314615
9.319525,27,15705.999492
17.701504,49,15738.449672
4.063566,12,15745.448869
9.771065,27,15762.410189
13.080186,37,15785.761565
5.246063,13,15793.759768
4.088266,11,15801.208745
22.115111,56,15841.015397
4.283323,12,15848.763322
10.765795,30,15867.201588
12.1157,34,15887.655127
7.369868,23,15900.877348
12.505006,33,15920.090519
15.590384,42,15944.579947
10.805492,28,15961.910399
12.82722,33,15981.652509
11.76222,33,16003.027678
7.933453,20,16015.697973
7.555642,21,16031.357032
11.031437,38,16057.055518
5.875123,16,16067.462341
6.204708,19,16079.005003
11.242024,29,16096.880773
10.795481,30,16114.103247
10.59902,27,16130.367818
7.579744,19,16142.683391
9.003499,24,16157.82222
12.797239,38,16181.994726
11.319826,31,16201.636282
9.94297,26,16218.584668
7.630792,23,16232.14496
6.022509,17,16243.272444
14.636409,40,16268.098412
17.9247,50,16299.251744
9.577415,29,16317.72286
10.924686,28,16335.579518
7.299329,19,16347.849628
17.239688,47,16376.755002
7.976603,21,16389.535759
6.481359,17,16402.780793
15.752422,38,16426.192101
14.501799,39,16450.147985
19.790997,59,16488.350535
8.085906,21,16502.209833
8.358562,26,16517.568514
5.532465,14,16526.87458
17.755902,48,16557.330484
11.313407,29,16575.997493
9.563478,26,16592.174988
13.093739,34,16612.886559
10.534904,29,16630.072323
9.422993,26,16645.685269
15.297008,38,16674.446706
6.809571,18,16685.377691
10.07457,27,16705.502705
12.301044,31,16729.920975
12.64797,31,16749.493542
15.975948,40,16773.68532
7.465552,22,16787.085112
10.426346,27,16804.028787
8.913841,24,16818.673415
4.573488,12,16826.838808
16.642929,39,16849.65435
4.24571,11,16856.363948
15.401177,46,16887.496686
9.12667,24,16902.876082
11.321185,25,16918.66252
8.831156,22,16932.398792
8.428649,22,16946.832098
10.858895,28,16964.847561
11.953964,30,16986.51938
21.882818,57,17022.304416
13.300865,39,17046.966501
13.025833,36,17069.271497
13.598757,36,17092.192196
8.753228,23,17108.274142
13.331731,40,17133.525332
7.085503,18,17144.013977
12.014347,31,17163.825302
10.842028,34,17184.611322
10.4827,28,17204.0699
18.07276,48,17235.394309
9.335091,30,17253.328986
7.71225,20,17266.223017
13.425023,40,17291.01212
16.856748,43,17317.799553
8.56865,24,17332.052768
11.23591,35,17355.371754
7.738964,23,17368.943375
5.04908,14,17377.392872
7.527366,20,17390.249083
21.059606,57,17425.884379
9.231859,24,17441.255856
7.350412,20,17454.156803
16.629536,46,17483.387147
7.6625,20,17495.231696
10.53229,32,17514.865512
12.282836,31,17534.892467
11.975619,33,17555.487503
5.451038,18,17567.216136
12.49008,36,17589.324725
11.220205,30,17608.800691
14.641182,39,17631.973367
9.839057,29,17649.089598
14.548638,41,17674.34637
10.63223,24,17689.346622
18.762843,50,17721.373251
16.796581,43,17748.576864
6.864679,20,17762.045707
18.260171,42,17791.896075
12.17008,32,17812.210001
12.435416,33,17833.890322
29.00566,84,17887.363102
10.823126,28,17904.970201
18.114763,48,17934.573029
10.400413,31,17953.830989
9.747893,28,17972.020229
8.69228,24,17985.927325
7.62007,20,17998.881831
9.002031,24,18014.96877
13.12593,34,18035.759281
10.173055,26,18052.322131
6.031458,24,18067.028973
10.809256,34,18087.947052
7.394243,21,18104.038715
18.584173,49,18134.624508
14.186578,40,18163.575631
16.502491,45,18190.661891
8.393243,22,18205.502141
7.300873,22,18219.653761
10.0344,26,18236.299697
14.495011,39,18259.716783
10.34364,28,18277.489618
14.433348,40,18302.400784
12.866359,36,18323.933434
11.213092,38,18347.185836
12.730902,37,18371.80425
12.919065,31,18390.377024
13.434159,35,18412.741668
14.42087,36,18434.156655
14.018946,36,18455.113243
8.380817,22,18469.163595
11.374607,29,18490.349119
8.402113,22,18513.512062
15.779054,43,18540.510463
6.768719,18,18550.738147
10.072609,30,18577.652907
15.867278,44,18606.923254
9.787606,27,18624.232597
15.913227,43,18650.018343
18.971872,50,18681.801703
22.400855,58,18717.990433
8.634573,26,18734.659447
23.653719,67,18782.553489
11.788426,33,18803.826523
13.238425,35,18825.082992
12.792053,35,18847.218104
4.952336,13,18854.994249
11.675087,31,18875.788156
14.500152,41,18901.184114
9.854327,23,18915.525402
4.92639,13,18923.640947
11.896714,32,18942.901617
6.562726,18,18954.108098
7.344729,21,18966.860916
6.525278,18,18977.52168
10.15194,28,18995.67406
22.392723,59,19036.672856
5.274664,15,19050.738913
12.661513,32,19073.718753
8.359993,20,19086.205945
7.212172,22,19099.068738
12.427938,32,19119.08459
13.969151,34,19140.500506
20.159872,46,19170.122091
8.711172,24,19185.531155
13.8122,42,19212.796383
12.339137,40,19243.198766
9.404085,33,19263.271189
8.880998,25,19279.557435
8.502919,24,19296.420335
14.758118,38,19320.950844
11.53188,31,19339.853453
7.401966,22,19353.128628
8.225604,22,19367.054688
6.112731,16,19377.287575
11.77584,37,19400.460831
9.369034,26,19416.693105
6.03257,15,19428.453565
13.649802,40,19452.234534
15.194963,41,19478.769031
22.183011,52,19519.204238
7.94831,21,19532.662615
15.309171,42,19560.041084
15.925725,42,19586.264593
10.490385,28,19607.048545
8.419738,23,19621.645264
10.445147,31,19641.998797
6.731631,19,19654.298662
17.851497,45,19680.544272
7.51181,22,19694.74608
20.511015,52,19729.73915
10.199778,33,19750.334743
12.185022,39,19774.040629
21.300761,59,19809.769851
13.563776,35,19836.596615
13.148731,35,19858.825237
8.2,21,19871.019859
4.295928,13,19879.081752
9.365268,24,19893.904788
11.970705,34,19914.280657
14.90503,45,19942.503663
5.088224,15,19955.2614
14.048655,41,19979.402854
13.647511,38,20002.990937
12.431285,34,20024.775413
14.927804,42,20054.229303
5.298864,14,20063.599728
7.125297,19,20099.145962
9.925398,26,20116.661997
10.047693,27,20133.43204
20.644604,59,20170.939839
15.070845,43,20206.504839
17.224242,43,20232.783499
11.9806,31,20252.157205
10.178575,26,20268.581105
9.275149,24,20283.567412
5.889284,15,20292.789214
23.297054,60,20335.83801
15.591173,42,20362.197113
7.432246,20,20375.210596
16.060836,46,20405.6008
9.645835,28,20423.809928
21.661604,59,20464.052614
18.798388,48,20495.461272
8.916833,26,20511.87784
8.49052,21,20525.954476
17.164931,46,20555.675544
12.147065,31,20575.941497
9.355073,23,20592.555546
7.890596,25,20612.266728
13.124525,35,20633.965331
13.49983,40,20659.344955
9.280984,28,20680.248621
12.42784,32,20700.275281
14.135326,40,20725.928059
12.988146,38,20749.203713
14.424832,37,20773.517526
17.202033,45,20805.274285
27.814174,74,20852.310511
8.040805,20,20867.261215
10.988122,30,20885.649566
12.806323,33,20905.910171
12.549854,31,20924.639868
18.924357,57,20960.482268
21.419248,55,20994.312849
6.919474,19,21006.966072
11.274319,33,21028.872929
14.993416,39,21053.939411
11.022448,29,21071.682689
19.289496,48,21101.666201
13.046776,38,21124.937549
10.769352,28,21142.527473
10.744507,27,21159.336526
24.793692,68,21204.025852
13.901986,35,21226.279981
9.260083,26,21242.052459
16.618755,42,21268.694768
13.843405,35,21290.49236
13.075938,31,21311.358578
19.793879,52,21359.722316
14.715992,40,21384.872511
13.397418,38,21411.068282
15.474772,43,21439.065066
13.727359,37,21463.253096
6.384148,18,21474.801341
10.202737,29,21492.438662
12.983531,32,21514.390664
16.758898,45,21541.94232
4.726773,14,21551.934546
16.537473,42,21578.762352
24.35566,69,21621.923086
17.974333,47,21651.555222
24.933279,68,21697.369162
14.832461,38,21728.736275
11.41701,29,21746.702473
14.869222,41,21772.523062
10.87745,31,21792.39676
12.921129,31,21811.953565
4.160766,13,21821.026641
11.568096,29,21840.014663
30.498284,78,21886.650199
12.931476,36,21948.76166
13.04369,41,21973.626892
14.933286,39,22001.532964
14.383719,44,22031.958202
7.188743,21,22044.382002
22.485609,58,22081.876535
9.716498,28,22103.831122
12.402326,33,22125.684872
20.486089,54,22173.616297
17.849436,51,22211.670259
17.253687,46,22241.57162
16.287888,43,22268.836354
14.380759,39,22292.654284
14.876273,38,22316.42871
17.060364,51,22348.006638
16.240628,42,22387.020031
15.787559,45,22413.86396
14.878889,41,22438.728679
21.290781,56,22473.809125
8.692559,24,22509.459995
15.658961,42,22540.082737
17.776072,46,22569.264143
23.758399,60,22608.417438
25.688516,70,22651.273804
24.613095,67,22694.206649
9.680688,29,22711.242572
17.756487,48,22746.152033
20.981258,62,22785.073459
11.094382,29,22802.568043
30.55958,76,22854.096248
20.066916,54,22887.776788
15.375067,41,22914.049377
14.260503,41,22970.991025
12.522569,32,22990.973436
10.543349,28,23008.653231
17.447231,44,23037.89553
28.309145,73,23082.230551
16.410275,39,23106.556929
7.666043,25,23164.009284
17.592399,45,23192.618711
13.626016,35,23215.209517
8.065842,20,23229.02956
18.09626,55,23264.211426
28.308275,73,23342.628701
14.792,41,23370.508826
30.190927,85,23423.947344
45.19266,131,23504.386481
10.398604,30,23524.418608
11.917279,28,23541.453908
7.560274,23,23556.093263
13.919662,39,23580.311876
14.597005,38,23604.024586
16.920558,47,23634.854079
25.914824,69,23677.376234
24.943597,74,23724.946573
14.728385,46,23753.105399
16.920437,48,23783.970071
9.954602,32,23802.719178
13.129386,39,23825.954575
18.233857,49,23857.275321
13.378536,39,23882.344321
20.431021,58,23919.222998
8.695822,22,23933.220114
16.945661,46,23961.564957
14.463237,43,23988.310658
18.02728,50,24024.898283
18.504096,47,24061.975025
15.203709,47,24099.027543
15.706958,43,24124.840778
16.591367,38,24149.385462
15.473135,44,24177.143892
8.347152,24,24192.72196
9.228554,25,24207.336608
32.235569,85,24260.418362
15.091777,40,24290.358596
13.451523,35,24317.817322
18.09482,52,24351.990875
13.699183,35,24372.676266
7.030072,19,24384.953587
19.134265,56,24420.723551
17.832919,48,24452.259879
16.36413,41,24478.639836
15.083731,43,24505.248782
17.322347,48,24536.384446
18.564917,55,24573.886556
9.858438,24,24590.051406
12.147447,32,24610.476893
9.999204,29,24629.93304
15.334787,39,24657.635999
30.072974,79,24708.676911
19.4042,54,24743.373904
23.553945,62,24785.335717
13.688818,38,24811.854126
14.580301,37,24834.888036
12.625472,35,24858.0663
13.259863,35,24879.517328
20.826808,61,24919.03402
15.780416,38,24944.906581
12.394014,33,24966.032353
9.980586,30,24984.106738
18.14816,46,25012.037097
15.133696,40,25036.963215
20.325583,60,25074.68641
12.824275,34,25107.578512
15.576231,43,25133.990685
13.804806,37,25157.627908
8.283308,22,25171.962565
15.201243,42,25198.326418
10.309525,26,25215.484785
15.122444,41,25242.376457
22.225798,54,25285.756112
14.824659,38,25309.340853
12.816979,33,25329.914495
9.927377,33,25349.93523
14.170984,37,25388.966409
28.157194,80,25440.85067
17.87572,47,25469.990967
13.578896,35,25492.78812
21.394658,59,25532.407979
22.665356,61,25572.617308
12.892989,38,25597.404824
13.624019,35,25620.741756
18.397424,53,25654.751088
12.877091,35,25676.496543
14.929002,40,25701.6633
14.243758,37,25724.717511
30.827025,86,25779.121922
15.15109,41,25803.517227
27.684907,73,25848.499451
25.152891,81,25897.824933
26.871574,73,25943.426072
14.790102,45,25971.49903
19.839822,56,26005.440159
21.634024,60,26063.153594
18.566836,51,26095.284253
18.138633,50,26126.584904
18.183064,51,26158.085994
19.443924,50,26191.736598
22.534321,58,26231.17766
27.241107,72,26284.174568
26.082609,69,26328.235129
15.393838,39,26354.282672
13.405208,34,26376.272557
16.361322,39,26399.870493
10.564841,29,26416.977162
13.822942,35,26438.58521
27.032997,69,26482.284931
12.54566,36,26504.549961
18.854223,47,26534.888068
21.558926,55,26574.877912
28.12297,78,26638.16604
13.224842,36,26659.783584
25.135951,72,26704.39636
33.421592,89,26762.146306
12.687985,34,26782.910933
11.283822,34,26803.827742
13.271986,32,26825.042107
24.991577,64,26863.775906
17.703046,48,26893.971284
21.352382,55,26929.371595
20.751947,54,26964.042158
13.940242,37,26988.607419
18.677689,51,27021.539007
22.956691,64,27062.044815
19.843914,57,27096.458203
13.899919,37,27120.746216
19.229458,55,27152.912614
26.540353,73,27197.045238
23.430099,61,27233.871638
23.963567,65,27274.687749
12.856405,31,27296.6948
20.340409,51,27327.311089
15.564002,41,27353.299167
26.079822,66,27393.398433
18.204986,53,27443.488282
20.456041,57,27483.753441
24.764516,70,27527.186167
16.643992,47,27556.393238
14.542295,42,27581.720276
14.867405,41,27609.849483
17.340285,47,27639.514035
12.658627,33,27660.422671
23.264318,68,27703.416536
18.80439,59,27739.630732
16.28256,45,27767.913235
8.014183,25,27783.866409
11.884123,36,27805.367995
11.185473,39,27828.78092
15.835285,44,27855.386196
32.48423,85,27908.574513
16.862356,41,27935.221539
11.582029,35,27961.170146
13.174935,33,27980.326441
15.59842,46,28008.619485
18.923877,61,28047.395332
12.534835,34,28068.123018
31.265176,85,28121.021898
14.086293,41,28146.215016
16.375034,45,28175.379596
13.500737,37,28200.047043
26.275862,76,28250.134795
12.787077,40,28275.122509
39.255756,100,28355.201181
27.682638,77,28400.534573
15.210278,39,28424.683284
15.776099,41,28450.052912
13.531358,40,28474.736912
41.107362,111,28543.325446
14.118905,38,28567.085783
30.310918,82,28620.621736
22.940032,65,28661.553673
9.580114,26,28678.119796
13.499112,33,28698.951954
11.54043,35,28721.120483
21.665028,64,28762.311334
22.356494,65,28801.842905
28.111124,77,28850.685629
9.952991,30,28869.528224
19.77058,54,28903.05743
19.931282,63,28943.635575
17.331259,50,28973.782365
11.482906,32,28992.931469
14.927408,41,29018.093103
10.049307,25,29034.652764
14.306068,36,29056.851159
17.685957,47,29087.326148
22.090789,65,29128.096029
25.567063,63,29168.354417
13.767251,35,29189.493013
31.305655,84,29241.165956
13.972669,39,29265.266166
17.892457,49,29295.604279
15.085532,44,29322.965103
17.259319,51,29354.08561
13.57772,37,29375.259999
15.38651,40,29401.554647
20.908195,58,29438.617647
27.763876,61,29478.262473
18.612626,47,29506.800886
15.94045,49,29536.828925
19.960913,57,29593.002889
19.12298,50,29622.741925
25.380894,78,29670.30497
29.348441,79,29722.745597
30.207034,80,29774.872644
22.864203,60,29811.718313
13.477665,37,29836.176224
23.138802,59,29873.695246
14.606926,43,29904.034525
14.745724,42,29930.937308
35.338539,102,29997.350944
19.195605,55,30031.006417
15.582691,42,30058.019491
17.579417,56,30092.973489
16.087154,41,30118.52795
15.498133,41,30146.016963
22.392796,65,30189.334422
49.155574,131,30273.578258
14.7739,41,30299.43303
17.710583,46,30328.293354
14.90597,42,30354.268559
14.895233,39,30379.180867
14.293874,41,30404.520259
23.446328,65,30447.139414
32.484611,85,30502.098062
15.349299,43,30529.548826
20.276388,61,30569.277659
17.813589,43,30597.385688
21.776471,58,30643.478949
21.43547,54,30679.088121
10.584386,29,30697.872165
23.530294,61,30736.338535
19.347381,51,30768.772993
27.197072,73,30816.83625
19.421789,52,30849.18076
23.663262,67,30892.273961
15.558035,45,30922.395794
19.412278,54,30957.320718
15.205126,41,30982.173908
26.936003,74,31027.893943
21.204498,65,31068.064851
22.610403,58,31103.615023
12.694638,37,31125.56822
28.553374,77,31173.525807
27.745214,76,31221.948309
14.011159,45,31248.384522
32.555205,89,31301.580016
26.656261,68,31345.713257
17.913646,44,31373.46769
45.046911,123,31450.47389
56.394476,149,31556.261033
28.181593,75,31617.98439
19.272402,49,31652.841404
17.026221,45,31682.368258
19.647173,56,31718.902908
47.142287,126,31796.892434
20.292681,53,31832.638679
20.565002,61,31870.896314
18.839056,61,31908.483543
23.941675,69,31963.085195
15.406743,43,31989.159881
13.980493,38,32012.030689
19.885077,51,32044.309536
21.646339,51,32075.351257
17.647286,63,32117.469177
24.551166,69,32162.659723
25.378119,74,32209.399751
17.406685,46,32238.865176
15.559138,51,32291.608962
14.116169,43,32319.1883
19.622892,53,32352.160141
55.686016,158,32454.948452
18.058314,53,32489.651137
24.691426,64,32535.928017
13.808745,41,32562.476356
11.494909,34,32583.997304
16.129276,47,32613.363126
25.67556,67,32656.343828
17.945775,45,32683.346442
52.163279,150,32776.525323
13.879497,39,32801.513167
25.512396,72,32846.342182
15.148744,41,32871.01424
26.045058,78,32919.900491
20.0335,50,32951.966304
27.19775,72,32996.309048
31.998498,91,33053.942576
26.13349,72,33099.807443
13.569571,34,33120.937881
10.087396,30,33139.780114
30.289904,81,33192.275244
44.1173,142,33280.269199
23.807216,68,33325.26847
21.064617,63,33364.345459
22.754485,72,33411.577018
39.989556,99,33474.967828
9.690705,24,33490.451396
16.586831,42,33516.489501
29.775278,85,33570.408607
23.397261,58,33607.010286
16.227994,47,33636.19765
35.781756,95,33701.804418
16.402054,46,33732.468658
24.833058,64,33772.484749
17.750837,43,33799.385185
19.046276,51,33831.756793
50.252517,157,33935.036239
12.320759,33,33956.116703
26.619599,75,34003.498248
14.40564,38,34029.374368
14.165816,44,34058.126065
17.093483,45,34084.78919
16.647349,48,34115.65454
13.642514,42,34142.032104
22.136054,76,34189.644801
24.22391,66,34230.994532
13.683592,39,34256.637926
18.891328,52,34290.872196
13.457673,39,34315.891947
31.605151,85,34369.33281
17.373846,47,34398.73523
34.150164,97,34461.799862
25.322136,68,34503.641397
11.544708,32,34523.546265
18.603926,51,34555.489623
57.394897,173,34661.999794
14.189139,38,34685.782169
18.017073,46,34714.118529
16.433172,43,34762.902176
44.784071,130,34844.559705
41.629783,108,34914.099238
27.680401,82,34965.301823
46.349598,125,35040.149489
19.028982,51,35071.363543
15.811309,45,35098.136122
33.154255,95,35158.700537
13.676942,37,35180.242721
34.266949,84,35231.070075
36.037379,110,35300.923252
26.018112,77,35348.956161
25.490794,65,35386.763324
18.009947,49,35417.694525
20.952054,60,35453.786
30.35622,83,35506.370238
18.124468,46,35532.724211
54.232784,145,35630.513465
32.026886,84,35683.64621
21.740341,63,35723.05776
30.01094,79,35775.38002
44.308628,127,35856.476871
23.386514,67,35900.362936
43.296033,121,35976.246951
33.704858,96,36037.025687
22.332654,59,36073.74039
27.198221,78,36122.403459
15.547744,41,36149.023159
25.654205,68,36191.73536
18.477611,49,36219.336582
14.143049,36,36238.653176
16.839025,47,36267.380964
23.180297,62,36305.720772
25.626099,71,36351.475457
15.552006,42,36378.884864
24.194358,66,36418.699672
37.511917,104,36483.836843
31.400201,83,36536.407204
22.905869,57,36569.803014
25.076381,66,36608.926717
53.657479,134,36692.391274
53.516047,139,36779.968698
28.216304,75,36826.866147
29.062814,84,36879.591319
43.592433,117,36953.796416
29.011332,79,37004.087456
20.753903,61,37047.131712
35.271494,98,37108.161412
26.619616,66,37148.57628
18.02007,52,37180.419429
24.397902,69,37224.222037
37.081796,107,37289.06374
23.147139,63,37327.690294
33.192919,88,37382.219452
11.582203,30,37400.89151
23.854897,64,37443.673508
25.51096,65,37483.51677
27.877722,77,37529.328803
19.055913,53,37562.306146
28.159359,69,37604.550419
15.028094,45,37630.277757
26.097095,71,37675.276226
41.680259,123,37751.791552
28.542034,82,37804.540802
37.742578,102,37868.197016
27.48395,75,37914.617739
18.149328,44,37942.230762
21.388095,63,37981.953151
24.505072,64,38021.991617
37.923759,105,38087.294805
29.547596,85,38139.868917
34.93599,95,38199.662382
27.580839,67,38240.073385
19.115587,48,38268.682335
19.178951,52,38300.592433
16.745671,44,38328.077652
17.9251,59,38365.279357
50.902963,141,38456.467135
25.854199,73,38500.670333
12.111911,31,38520.650795
27.488941,71,38564.214682
40.332207,112,38633.082232
19.822154,55,38667.428334
18.912623,54,38700.9581
36.192152,108,38766.840569
18.706743,49,38798.463659
38.787272,105,38866.079335
78.070024,233,39018.225334
22.852675,68,39061.081175
44.247711,116,39132.818346
19.805071,49,39161.831028
32.93352,96,39226.863289
25.768156,68,39268.384638
49.683849,132,39350.490044
39.445189,114,39422.036216
24.118087,65,39461.843947
19.009054,51,39493.81037
29.372312,79,39542.392874
19.137491,48,39572.160829
25.106403,71,39615.746715
30.478568,77,39666.109894
44.493471,127,39741.320062
23.867764,69,39785.941841
32.587076,84,39836.178467
61.487116,171,39946.061097
29.474904,72,39990.553057
18.144907,47,40019.906709
22.401678,69,40063.095937
35.095378,84,40116.856398
27.202716,72,40161.615898
33.821649,94,40219.555097
29.713764,87,40274.122456
24.810577,65,40317.065383
44.765334,125,40396.962189
14.040556,35,40418.733586
23.493928,66,40460.939105
57.906568,165,40564.580697
29.623188,82,40614.852086
26.909581,80,40665.937169
14.146364,34,40686.559366
18.883543,47,40715.543543
20.593547,52,40748.495036
33.042589,102,40810.498042
27.638792,77,40857.857782
37.593428,116,40928.668274
17.271649,51,40959.32361
28.449194,82,41010.264817
19.408013,51,41041.626802
32.480223,90,41097.713963
37.327029,104,41164.788221
30.759061,76,41211.280847
14.57651,42,41237.344265
30.927571,85,41289.898526
29.654166,81,41339.186082
31.649882,94,41394.977751
33.017726,92,41452.876298
29.250914,74,41500.224921
25.405856,70,41544.620426
18.615892,59,41581.358513
12.804093,34,41603.106272
19.898397,53,41636.368013
20.385142,55,41669.56917
21.877298,56,41703.741639
33.178041,90,41761.681222
32.263898,90,41816.845244
24.87187,70,41862.341464
28.57652,76,41911.274745
25.971576,76,41959.974868
21.942896,54,41994.385629
42.339156,120,42069.498239
17.597478,49,42100.043434
20.57415,56,42135.766089
49.580412,134,42221.715284
20.432861,57,42257.566577
28.365459,75,42302.481838
29.325299,80,42351.13502
34.094918,95,42409.425834
15.649741,45,42436.612968
26.511558,72,42481.664112
35.216236,104,42546.177246
22.310385,61,42583.130835
35.650693,100,42644.568248
33.924794,91,42703.891245
14.477599,37,42726.492193
16.028857,41,42752.841151
35.616908,100,42816.199271
32.676382,93,42873.380324
54.699947,149,42968.402471
25.328578,72,43014.333643
45.538657,130,43094.201193
26.645461,77,43144.098015
30.683888,80,43192.470591
26.616985,72,43236.758982
22.248815,64,43276.2657
26.378651,79,43323.710537
29.937167,74,43370.63823
20.701136,52,43404.488027
35.085686,102,43468.547024
35.720719,100,43528.69175
35.059627,96,43586.650641
22.473693,61,43625.43878
45.870898,124,43704.474763
21.131085,53,43736.925712
40.423391,107,43802.907992
48.739561,132,43883.842563
23.019613,62,43922.316809
38.904347,102,43985.657583
16.992074,46,44014.521141
15.507205,49,44046.302012
46.018552,132,44126.405156
34.07132,104,44188.980229
31.856994,93,44245.7813
18.501777,55,44279.804354
33.431894,100,44341.84885
31.311277,82,44391.809808
23.618753,64,44431.912046
17.432067,53,44465.727774
21.352454,64,44514.269077
23.347076,72,44559.315341
13.456457,34,44581.565402
44.006735,120,44657.244278
34.135579,95,44715.745785
16.603817,45,44743.126779
44.092604,123,44817.808525
23.972721,75,44866.293905
22.869594,63,44904.883163
25.430706,69,44947.819963
28.318244,75,44994.802071
24.165872,75,45042.340535
35.173075,92,45099.478473
34.188841,92,45156.245451
13.931423,34,45177.891905
19.372745,59,45214.078071
18.896994,50,45245.248318
37.790686,114,45316.368868
33.462762,98,45377.658323
24.566386,70,45420.519962
41.065905,122,45496.705301
45.874135,133,45579.976144
23.625854,70,45625.24238
35.227096,94,45685.982622
19.039892,55,45720.298728
29.883736,76,45767.9301
16.716019,52,45800.161645
34.978007,89,45856.55901
24.146766,68,45897.577603
16.410471,46,45925.499055
15.951195,47,45953.923974
25.150309,67,45994.902111
27.463143,70,46037.403413
29.123201,78,46083.375404
45.914825,121,46158.89948
20.139965,59,46195.817374
65.691186,189,46314.709141
65.887007,178,46424.769679
96.403165,250,46585.249826
29.696579,89,46643.875353
21.510659,65,46686.959126
20.389737,53,46721.254147
71.700665,207,46851.516066
56.640054,152,46943.857624
26.729426,76,46992.177896
33.61985,90,47047.882027
34.459794,91,47103.505821
30.933043,87,47157.866116
32.396891,92,47213.761178
29.135983,78,47263.237679
32.471105,103,47326.406237
27.891697,75,47372.031173
39.400163,113,47440.788531
30.011922,89,47496.913718
47.292736,126,47576.533391
32.479274,100,47638.42923
24.00219,65,47680.969786
60.084886,166,47794.027562
34.627015,92,47854.18769
27.041929,84,47910.040296
44.725737,129,48008.304644
27.847149,77,48071.982119
32.962513,93,48147.762155
27.678301,74,48193.581194
25.787315,66,48234.243172
40.235861,112,48300.490885
33.981676,97,48359.872244
39.319782,107,48426.141124
25.155595,64,48465.528633
19.218307,50,48496.013272
38.968261,102,48559.362057
55.877771,157,48655.800534
26.628451,73,48700.516932
33.070551,99,48761.488268
59.91148,166,48867.061526
29.734042,87,48919.894096
41.943017,117,48989.553016
32.629082,91,49044.659339
29.611925,88,49099.700949
43.672996,115,49169.48215
40.831199,117,49241.134145
34.158034,86,49295.000082
28.33977,74,49340.726889
55.85058,156,49434.68975
61.178018,175,49539.395038
22.615719,64,49578.1752
19.196171,52,49609.950604
45.628049,137,49694.852616
49.48219,138,49780.533375
30.269929,73,49827.087986
39.46547,111,49895.445243
33.535167,95,49953.761054
32.772776,90,50008.825047
35.745974,97,50069.70001
42.238754,116,50145.111262
68.928628,182,50256.006821
39.684182,117,50329.625275
39.09597,112,50401.043129
40.660346,123,50478.340208
48.730422,139,50566.840882
17.305505,50,50598.102916
25.524028,70,50641.517913
34.280492,102,50704.135949
76.572413,211,50834.729443
77.297823,203,50962.456382
30.139191,79,51011.823584
47.365072,127,51095.022686
19.616789,53,51128.855371
34.920644,96,51189.279413
60.488899,175,51300.083528
18.74396,49,51330.159299
36.318919,100,51391.808271
30.398172,82,51442.387005
37.299497,110,51511.894236
22.602143,55,51550.816532
30.593223,82,56883.07798
29.081406,80,56932.655913
28.56487,78,56981.009935
19.292345,55,57020.382288
32.629541,94,57080.208486
35.087166,93,57139.66299
36.913145,102,57206.598349
34.562848,90,57264.832334
26.695551,63,57305.351121
31.281043,90,57362.724725
30.601199,83,57416.458751
25.947091,78,57465.722335
19.651943,50,57497.999533
69.741018,198,57626.965408
29.047967,89,57684.699995
22.117743,65,57725.716969
21.130197,58,57762.357317
62.221489,193,57887.014355
25.456862,70,57933.49478
31.858434,84,57988.180495
47.017634,127,58071.501217
28.830994,82,58124.636916
28.917486,76,58173.243301
39.817241,118,58249.041253
29.173187,88,58303.388798
18.744444,49,58333.805542
22.342094,67,58376.65226
31.782636,85,58430.851569
31.566493,82,58485.037211
32.020146,84,58537.774172
39.896629,99,58599.410774
38.281408,113,58673.452419
54.831137,159,58777.462348
15.803224,40,58803.33007
57.313644,161,58905.716427
28.672547,81,58956.36944
24.017289,64,58998.385243
34.463318,96,59059.496257
49.922758,135,59147.296407
39.709098,111,59216.717515
26.464905,74,59264.347153
23.809985,67,59306.860257
32.831882,92,59365.345547
27.45226,78,59414.280452
37.781056,99,59477.722189
34.818329,103,59541.973768
59.98906,175,59653.545377
18.359907,44,59681.838622
27.430539,72,59727.396203
34.949282,96,59789.827295
29.388395,79,59839.514782
21.634706,56,59874.993365
24.523831,71,59918.91363
20.003575,52,59952.752875
29.527491,80,60005.10041
24.926794,66,60048.536991
21.767819,55,60083.941976
54.986753,151,60182.216288
28.583247,78,60232.477855
50.505075,145,60323.760309
44.535878,118,60405.444919
26.064226,77,60456.348563
52.909471,158,60558.300492
42.126983,131,60644.515033
95.367493,250,60800.258989
35.13868,100,60864.569844
39.737256,106,60930.688118
23.985815,66,60971.985553
40.224992,118,61044.644884
24.479965,76,61091.735806
38.491586,104,61157.577271
33.194494,92,61215.004695
26.237692,69,61259.035259
26.772362,67,61301.020114
42.878894,114,61372.915488
20.204876,57,61409.366498
24.748762,66,61449.624628
27.428587,78,61499.416446
20.593808,54,61532.510419
46.01138,114,61603.493858
18.535884,51,61635.619095
25.825701,66,61673.782588
24.668159,65,61713.136463
38.809624,115,61784.384803
18.975363,55,61817.347312
36.028614,104,61881.146757
87.155281,238,62028.729007
37.007962,111,62099.930458
20.905709,57,62136.282203
17.391354,46,62166.1469
46.337085,133,62250.478873
19.400019,57,62285.346123
47.977524,125,62364.267475
44.889227,125,62443.767528
91.887594,250,62598.068908
82.88986,250,62752.573143
30.801265,89,62808.3064
24.668075,69,62852.966844
29.578422,90,62906.855206
47.292451,130,62985.454602
38.769722,96,63044.403608
17.382643,44,63070.757588
46.090008,147,63169.53776
24.293666,67,63211.597819
49.511457,133,63292.499123
23.510166,65,63333.199008
23.749178,66,63374.816775
22.527647,66,63416.754318
46.855573,129,63496.208048
26.635609,72,63542.581115
44.207666,122,63618.72879
66.839195,186,63734.559328
25.465739,76,63781.899753
63.798452,220,63915.5275
26.853569,80,63969.04243
25.837106,74,64014.904473
89.15482,250,64168.292634
52.240652,160,64268.340484
27.471459,71,64313.2298
30.214523,88,64369.033687
53.470648,147,64464.472774
29.130262,76,64509.624348
34.083789,92,64565.542494
37.719343,104,64629.859916
27.432851,72,64675.102062
88.93905,250,64830.996727
42.955303,128,64909.441643
70.593849,224,65049.660684
36.1614,107,65114.640939
24.967194,67,65155.916276
88.263329,250,65310.735315
24.666405,62,65351.366061
60.33253,176,65463.892844
46.675722,124,65539.195763
57.283856,162,65640.39187
51.173122,165,65742.18649
43.822571,125,65820.475898
71.887113,202,65943.48821
29.064512,80,65993.956072
54.980212,159,66090.869421
31.680542,93,66149.659624
28.002537,83,66201.324535
32.052389,94,66261.632893
65.221438,208,66387.201409
28.235841,96,66448.656184
55.760615,156,66546.343928
37.188535,109,66615.043919
41.446366,136,66700.444881
33.024708,85,66753.03878
21.686332,58,66789.454221
21.202136,61,66828.777991
36.001763,126,66907.695459
67.406074,205,67037.492707
35.345046,97,67099.071537
30.568185,86,67153.768598
38.970743,117,67226.296282
81.513819,250,67385.991667
41.783427,124,67466.493555
46.120683,150,67563.452099
18.801637,48,67594.558445
42.002328,133,67676.718827
55.010009,163,67781.714962
46.939644,160,67881.559848
89.350904,250,68039.022276
36.868639,101,68102.730803
35.995212,107,68169.702188
50.996312,149,68262.670272
51.374566,151,68358.253808
23.533017,68,68401.384683
79.244845,204,68529.077769
23.211035,63,68568.194359
80.409622,229,68710.645206
89.825931,250,68864.232224
44.00805,137,68953.11334
23.307167,74,69005.014375
29.562042,78,69053.230123
36.823694,104,69119.605986
76.717421,217,69255.436867
25.267519,74,69301.721233
53.929059,158,69401.639899
68.993876,220,69542.413776
57.398216,163,69643.637105
41.419418,119,69718.254903
21.656791,67,69759.633604
42.660361,120,69836.9465
34.095682,92,69894.133868
31.61298,94,69955.624248
74.075153,232,70102.638645
40.513776,114,70173.983941
82.158186,250,70332.603941
27.004887,87,70388.094872
32.830409,98,70451.269392
51.096674,177,70561.292854
69.704425,212,70696.199571
22.075288,56,70733.273703
24.509772,66,70776.317117
62.048435,180,70889.068463
27.092879,77,70936.739291
53.88956,164,71040.34183
62.0987,192,71163.327276
65.639826,203,71293.606837
67.884673,237,71443.676369
60.636117,184,71561.999277
45.089854,128,71645.881382
26.789325,77,71695.036398
83.964901,250,71853.16307
48.410206,149,71947.041846
52.604551,151,72040.260517
25.717856,73,72085.510081
44.123314,142,72177.07483
26.808058,73,72225.114988
90.724881,250,72382.649221
30.055951,77,72432.05837
63.425811,217,72570.701892
22.211948,57,72607.261756
85.243658,250,72767.627959
43.555405,135,72852.692667
54.983951,166,72960.053528
32.448254,104,73028.944067
30.346087,88,73084.218652
24.0787,69,73127.402484
25.225128,74,73172.558656
20.13667,55,73207.702165
30.418921,93,73269.733152
15.36647,51,73303.674629
38.452215,108,73373.118436
54.469927,156,73470.680389
33.773626,103,73541.607721
33.834568,95,73602.496794
38.263967,97,73664.065061
41.113041,117,73735.983701
27.346533,84,73789.315084
29.411581,93,73850.007507
50.04185,172,73964.751314
54.62654,161,74069.18021
86.436608,250,74233.671678
13.541368,38,74258.593247
26.068438,69,74302.872253
64.844663,199,74428.792841
20.273369,67,74469.844576
36.218937,103,74535.791656
41.377945,117,74612.640189
59.809549,191,74737.075282
26.291887,77,74787.180522
43.793415,138,74875.624782
45.574569,140,74968.284993
33.792099,105,75035.605532
57.996609,180,75151.039443
54.493089,165,75254.64115
32.856269,100,75317.059694
20.346629,54,75353.39515
47.156247,132,75436.872435
45.083718,132,75527.486448
28.817539,94,75588.512349
49.418344,146,75680.476372
39.520361,116,75754.102521
44.40609,118,75828.176968
31.330373,85,75881.74735
29.219666,90,75938.243155
25.092376,71,75982.638455
19.381599,56,76018.768632
70.680553,206,76149.195283
17.698092,48,76179.988293
34.368859,89,76236.119377
32.457834,89,76291.957865
53.32276,152,76387.96894
36.866633,113,76458.783131
41.649437,121,76537.649073
57.52531,163,76642.972028
38.85067,114,76716.071229
27.443802,89,76781.273782
28.263365,77,76831.924396
46.302109,139,76924.438182
22.626944,66,76969.216668
45.233379,129,77056.734971
26.406272,66,77103.950358
63.42859,183,77227.768413
30.667707,87,77286.835118
46.401881,131,77373.597059
22.121541,60,77412.07891
87.933996,250,77580.982656
17.074087,51,77614.69953
21.779419,61,77656.690953
36.022871,99,77720.983882
94.114399,250,77886.85987
24.759053,74,77936.898133
38.961803,102,78005.937682
48.166829,126,78094.3353
41.650618,114,78170.778926
19.752704,60,78211.081912
33.65716,91,78273.100528
29.23837,74,78323.29063
21.667117,64,78366.176193
36.561284,102,78435.081368
69.048069,206,78573.955816
34.772881,98,78638.479212
17.386321,48,78670.188977
21.164433,57,78709.01757
28.006052,90,78768.543208
54.820115,155,78872.60456
39.60635,126,78952.671735
33.137849,96,79013.052404
21.902157,59,79050.300989
39.153606,122,79128.306923
34.223942,95,79190.244214
43.236225,121,79266.801462
22.721916,60,79305.750054
91.553077,250,79465.151937
45.866832,131,79550.618043
23.698878,60,79589.22477
46.036965,129,79671.331271
34.984928,91,79729.043968
85.110879,250,79894.706534
18.617677,47,79924.664672
90.772513,250,80084.920756
55.178075,156,80184.772119
32.51851,92,80243.226878
44.937231,152,80340.603448
18.105839,47,80369.701666
37.918241,110,80440.543215
30.101673,83,80493.169923
38.396525,101,80556.531237
41.650489,124,80636.09101
33.766153,93,80695.319159
17.073874,46,80723.221461
18.50765,48,80754.042717
63.177218,182,80873.826775
19.499112,61,80911.569196
48.54629,133,80996.724258
34.91671,96,81058.719878
56.245992,156,81159.437969
69.130341,204,81292.816202
25.675203,68,81336.466398
33.797501,93,81398.628215
52.551613,156,81498.088358
61.140814,179,81613.643686
84.199811,250,81776.464629
77.435038,248,81933.524743
53.020403,172,82041.401032
20.980056,59,82078.103744
34.782145,104,82145.536748
88.180438,250,82303.711657
93.129729,250,82463.326058
38.523323,109,82532.514414
32.874859,93,82593.259715
37.666549,102,82659.449719
76.522752,241,82816.130321
39.77974,105,82883.942373
92.341582,250,83046.434247
26.897959,75,83094.17258
92.25738,250,83253.512211
29.273728,81,83307.602808
55.642935,166,83414.385357
46.72583,120,83492.12088
28.778909,84,83549.431351
52.30096,153,83650.225346
18.11414,51,83682.146783
27.542858,85,83737.642831
76.825945,232,83891.163246
43.02262,124,83972.744421
53.72683,154,84073.616795
88.579386,250,84234.338081
56.008145,165,84339.713248
39.452344,123,84417.823698
35.53433,92,84477.746533
55.867074,159,84583.932556
86.005066,250,84745.766723
98.590287,250,84905.424987
65.24517,189,85027.366791
22.131946,61,85065.740796
17.463048,59,85104.070091
35.656108,113,85177.003872
75.113172,206,85311.668105
40.358543,118,85388.154496
69.423755,191,85515.69435
28.442156,80,85566.78856
55.818063,158,85675.335383
46.081444,145,85769.448905
76.506267,243,85923.647146
22.516176,64,85963.975129
62.028617,189,86085.066411
26.950023,82,86152.33032
20.114296,54,86187.867102
53.293226,141,86276.834412
49.366281,132,86369.641318
19.271443,55,86405.222044
22.724418,60,86443.364973
35.159961,114,86519.92357
47.705547,127,86602.989096
76.303421,207,86737.186997
70.073858,193,86860.087729
19.245807,55,86894.878553
62.554577,191,87017.812264
62.943352,173,87127.658207
56.397449,154,87229.587835
70.280906,209,87366.335099
37.25508,112,87439.25561
46.963888,121,87517.10698
28.708411,91,87576.439478
27.987478,75,87625.023126
52.193212,145,87719.477475
48.744441,137,87808.002102
49.875739,138,87896.720818
41.698825,119,87973.680445
48.434455,137,88062.839321
24.341404,67,88104.523278
50.72589,151,88204.941626
19.606238,56,88242.415244
97.111777,250,88407.229105
34.509555,100,88472.93324
23.700605,71,88518.764821
29.117148,80,88568.719845
44.264995,124,88647.253842
48.647867,134,88731.448458
81.667329,229,88876.334934
93.960095,250,89038.655144
52.732287,155,89138.441858
33.629144,90,89195.729658
95.46522,250,89355.422062
71.876604,197,89492.813286
56.768146,154,89590.181738
72.1485,197,89716.060398
27.684981,81,89767.201547
25.453824,71,89813.866495
68.373293,185,89934.78732
45.27252,125,90020.510225
17.873319,57,90057.813166
52.039211,148,90156.856978
18.799037,52,90191.974964
46.607783,127,90279.723663
53.026149,163,90386.406833
66.381317,180,90501.312762
78.342636,213,90638.955515
64.110643,186,90769.954968
52.182278,151,90871.190849
93.313388,250,91033.345849
60.743279,180,91151.267057
91.85205,250,91314.98004
30.337149,86,91375.807253
48.395525,141,91481.970764
32.337123,90,91558.682589
19.405578,59,91597.729489
33.558519,101,91666.476608
49.857369,142,91761.650953
16.958918,49,91794.41911
23.930348,65,91836.807673
60.203086,174,91953.376659
23.217606,65,91996.561151
54.180847,166,92108.200788
20.401621,56,92145.735333
22.306354,65,92189.262315
58.626018,171,92303.29862
26.111603,70,92350.213725
35.21123,96,92415.396455
77.064166,236,92577.303899
43.452451,120,92662.123117
63.353709,184,92795.894855
22.715028,71,92843.803465
17.6773,50,92876.752732
60.923896,174,92994.178624
76.739996,237,93168.57124
28.977471,90,93228.921502
60.999796,184,93355.219407
48.091321,128,93440.486094
59.065346,167,93554.942123
56.314884,148,93655.573081
28.363555,73,93705.70217
74.790862,216,93855.576433
83.600937,245,94018.688987
74.202093,220,94168.77941
34.9174,99,94234.76123
47.301217,131,94324.506798
27.225029,75,94376.20484
79.677334,227,94531.773299
66.250028,207,94682.90127
19.338801,54,94717.827432
40.521962,111,94792.112978
20.676356,58,94829.936619
59.328281,163,94947.909788
20.713476,67,94991.227634
90.860629,250,95153.842077
23.031886,60,95203.581575
58.864764,168,95314.297354
44.772749,121,95398.045126
59.746292,166,95514.120003
35.348319,97,95578.500022
94.08577,250,95756.141093
37.240491,95,95822.093182
35.95003,103,95895.734498
21.339951,64,95938.244201
48.122527,143,96035.845274
58.772354,161,96143.492023
58.00662,170,96257.308786
54.328115,159,96365.644029
14.997895,42,96395.595287
93.945763,250,96582.078185
